{"MSE": 2.9441022374603723, "_timestamp": 1685545914.231022, "_runtime": 15.988186836242676, "_step": 0, "_wandb": {"runtime": 15}}