{"MSE": 2.9464431445354227, "_timestamp": 1685545945.4310932, "_runtime": 18.247485160827637, "_step": 0, "_wandb": {"runtime": 17}}