{"MSE": 2.9443707727093025, "_timestamp": 1685537777.6420627, "_runtime": 14.997362613677979, "_step": 0, "_wandb": {"runtime": 14}}