{"acc": 0.8658454148879153, "loss": 0.06992392648784378, "_timestamp": 1685528226.2840898, "_runtime": 8.2441987991333, "_step": 7, "_wandb": {"runtime": 7}}