{"MSE": 2.9532923773058206, "_timestamp": 1685545970.2505639, "_runtime": 11.527143955230713, "_step": 0, "_wandb": {"runtime": 10}}