{"MSE": 2.9443707727093025, "_timestamp": 1685546642.7164226, "_runtime": 15.214943647384644, "_step": 0, "_wandb": {"runtime": 14}}