{"MSE": 2.9443707727093025, "_timestamp": 1685546756.0996435, "_runtime": 16.286088466644287, "_step": 0, "_wandb": {"runtime": 15}}