{"MSE": 2.9484689128945747, "_timestamp": 1685545839.7543073, "_runtime": 22.90602135658264, "_step": 0, "_wandb": {"runtime": 22}}