{"MSE": 2.9532923773058206, "_timestamp": 1685545876.7892601, "_runtime": 12.102660179138184, "_step": 0, "_wandb": {"runtime": 11}}