{"MSE": 2.9443707727093025, "_timestamp": 1685538193.5908334, "_runtime": 15.015226364135742, "_step": 0, "_wandb": {"runtime": 14}}